{
  "Version": "2.0",
  "UnixTimestamp": 1665577638,
  "ControllerType": "Valve Index",
  "LeftSaberPivotPosition": {
    "x": -2.103511,
    "y": 0.9294112,
    "z": -15.4819212
  },
  "LeftSaberRotationEuler": {
    "x": 16.6280842,
    "y": 20.8246822,
    "z": 0.641998649
  },
  "LeftSaberZOffset": 16.0,
  "LeftSaberHasReference": true,
  "LeftSaberReference": {
    "x": -0.0453690141,
    "y": 0.238644212,
    "z": -0.6942289,
    "w": 0.677522659
  },
  "RightSaberPivotPosition": {
    "x": 2.103511,
    "y": 0.9294112,
    "z": -15.4819212
  },
  "RightSaberRotationEuler": {
    "x": 16.6280842,
    "y": -20.8246765,
    "z": -0.6419983
  },
  "RightSaberZOffset": 16.0,
  "RightSaberHasReference": true,
  "RightSaberReference": {
    "x": -0.04536901,
    "y": -0.2386442,
    "z": 0.6942288,
    "w": 0.6775226
  }
}