{
  "Version": "2.0",
  "UnixTimestamp": 1730447504,
  "ControllerType": "Valve Index",
  "LeftSaberPivotPosition": {
    "x": -3.249285,
    "y": 1.298875,
    "z": -14.84002
  },
  "LeftSaberRotationEuler": {
    "x": 14.4658508,
    "y": 35.580574,
    "z": 4.64727926
  },
  "LeftSaberZOffset": 16.72404,
  "LeftSaberHasReference": true,
  "LeftSaberReference": {
    "x": 0.1389437,
    "y": -0.2779121,
    "z": 0.6518202,
    "w": -0.691802
  },
  "RightSaberPivotPosition": {
    "x": 3.249285,
    "y": 1.298875,
    "z": -14.84002
  },
  "RightSaberRotationEuler": {
    "x": 14.4658508,
    "y": -35.5805664,
    "z": -4.647278
  },
  "RightSaberZOffset": 16.72404,
  "RightSaberHasReference": true,
  "RightSaberReference": {
    "x": -0.1446754,
    "y": -0.2698511,
    "z": 0.6455562,
    "w": 0.6996474
  }
}