{
  "Version": "2.0",
  "UnixTimestamp": 1676970970,
  "ControllerType": "Valve Index",
  "LeftSaberPivotPosition": {
    "x": -3.0,
    "y": 2.341819,
    "z": -14.39419
  },
  "LeftSaberRotationEuler": {
    "x": 19.90163,
    "y": 19.9905987,
    "z": -0.00325609115
  },
  "LeftSaberZOffset": 16.72404,
  "LeftSaberHasReference": true,
  "LeftSaberReference": {
    "x": -0.04536901,
    "y": 0.2386442,
    "z": -0.6942289,
    "w": 0.6775226
  },
  "RightSaberPivotPosition": {
    "x": 3.0,
    "y": 2.341819,
    "z": -14.39419
  },
  "RightSaberRotationEuler": {
    "x": 19.90163,
    "y": -19.9906,
    "z": 0.00325609115
  },
  "RightSaberZOffset": 16.72404,
  "RightSaberHasReference": true,
  "RightSaberReference": {
    "x": -0.04536901,
    "y": -0.2386442,
    "z": 0.6942289,
    "w": 0.6775226
  }
}