{
  "Version": "2.0",
  "UnixTimestamp": 1678392932,
  "ControllerType": "Valve Index",
  "LeftSaberPivotPosition": {
    "x": -3.0,
    "y": 2.341819,
    "z": -14.39419
  },
  "LeftSaberRotationEuler": {
    "x": 17.3798752,
    "y": 20.2190628,
    "z": 0.132350668
  },
  "LeftSaberZOffset": 16.72404,
  "LeftSaberHasReference": true,
  "LeftSaberReference": {
    "x": -0.0169154815,
    "y": 0.227915525,
    "z": -0.705117941,
    "w": 0.6712504
  },
  "RightSaberPivotPosition": {
    "x": 3.0,
    "y": 2.341819,
    "z": -14.39419
  },
  "RightSaberRotationEuler": {
    "x": 17.3798714,
    "y": -20.2190552,
    "z": -0.132354736
  },
  "RightSaberZOffset": 16.72404,
  "RightSaberHasReference": true,
  "RightSaberReference": {
    "x": -0.01691548,
    "y": -0.227915511,
    "z": 0.7051179,
    "w": 0.6712504
  }
}