{
  "Version": "2.0",
  "UnixTimestamp": 1661690540,
  "ControllerType": "Valve Index",
  "LeftSaberPivotPosition": {
    "x": -2.103511,
    "y": 0.9294112,
    "z": -15.4819212
  },
  "LeftSaberRotationEuler": {
    "x": 15.6298809,
    "y": 20.5033073,
    "z": 0.5699259
  },
  "LeftSaberZOffset": 16.0,
  "LeftSaberHasReference": true,
  "LeftSaberReference": {
    "x": 0.1122339,
    "y": -0.2166583,
    "z": 0.7019566,
    "w": -0.6691186
  },
  "RightSaberPivotPosition": {
    "x": 2.103511,
    "y": 0.9294112,
    "z": -15.4819212
  },
  "RightSaberRotationEuler": {
    "x": 15.6298771,
    "y": -20.5032959,
    "z": -0.5699158
  },
  "RightSaberZOffset": 16.0,
  "RightSaberHasReference": true,
  "RightSaberReference": {
    "x": 0.1122339,
    "y": 0.2166583,
    "z": -0.7019566,
    "w": -0.6691186
  }
}