{
  "Version": "2.0",
  "UnixTimestamp": 1664615083,
  "ControllerType": "Valve Index",
  "LeftSaberPivotPosition": {
    "x": -2.103511,
    "y": 0.9294112,
    "z": -15.4819212
  },
  "LeftSaberRotationEuler": {
    "x": 14.7390108,
    "y": 20.5663033,
    "z": 0.58611387
  },
  "LeftSaberZOffset": 16.0,
  "LeftSaberHasReference": true,
  "LeftSaberReference": {
    "x": -0.04092979,
    "y": 0.2086316,
    "z": -0.7020277,
    "w": 0.6796725
  },
  "RightSaberPivotPosition": {
    "x": 2.103511,
    "y": 0.9294112,
    "z": -15.4819212
  },
  "RightSaberRotationEuler": {
    "x": 14.6389914,
    "y": -20.565094,
    "z": -0.585845947
  },
  "RightSaberZOffset": 16.0,
  "RightSaberHasReference": true,
  "RightSaberReference": {
    "x": -0.04092979,
    "y": -0.2086316,
    "z": 0.7020276,
    "w": 0.6796726
  }
}