{
  "Version": "2.0",
  "UnixTimestamp": 1653895814,
  "ControllerType": "Valve Index",
  "LeftSaberPivotPosition": {
    "x": -2.474584,
    "y": 0.7692413,
    "z": -15.70825
  },
  "LeftSaberRotationEuler": {
    "x": 21.6419258,
    "y": 20.2785835,
    "z": 0.46709305
  },
  "LeftSaberZOffset": 18.0,
  "LeftSaberHasReference": true,
  "LeftSaberReference": {
    "x": 0.1122339,
    "y": -0.2166583,
    "z": 0.7019565,
    "w": -0.6691186
  },
  "RightSaberPivotPosition": {
    "x": 2.474584,
    "y": 0.7692413,
    "z": -15.70825
  },
  "RightSaberRotationEuler": {
    "x": 21.664114,
    "y": -20.3663635,
    "z": -0.5207825
  },
  "RightSaberZOffset": 18.0,
  "RightSaberHasReference": true,
  "RightSaberReference": {
    "x": 0.1122339,
    "y": 0.2166583,
    "z": -0.7019566,
    "w": -0.6691186
  }
}