{
  "Version": "2.0",
  "UnixTimestamp": 1657694034,
  "ControllerType": "Valve Index",
  "LeftSaberPivotPosition": {
    "x": -2.10351062,
    "y": 0.929411054,
    "z": -15.4819183
  },
  "LeftSaberRotationEuler": {
    "x": 17.700861,
    "y": 20.57206,
    "z": 0.5902741
  },
  "LeftSaberZOffset": 16.0,
  "LeftSaberHasReference": true,
  "LeftSaberReference": {
    "x": 0.1122339,
    "y": -0.2166583,
    "z": 0.7019566,
    "w": -0.6691186
  },
  "RightSaberPivotPosition": {
    "x": 2.10351062,
    "y": 0.929411054,
    "z": -15.4819183
  },
  "RightSaberRotationEuler": {
    "x": 17.7008514,
    "y": -20.572052,
    "z": -0.590271
  },
  "RightSaberZOffset": 16.0,
  "RightSaberHasReference": true,
  "RightSaberReference": {
    "x": 0.1122339,
    "y": 0.2166583,
    "z": -0.7019566,
    "w": -0.6691186
  }
}