{
  "Version": "2.0",
  "UnixTimestamp": 1650956034,
  "ControllerType": "Valve Index",
  "LeftSaberPivotPosition": {
    "x": -3.030639,
    "y": 3.041842,
    "z": -15.70039
  },
  "LeftSaberRotationEuler": {
    "x": 12.53555,
    "y": 13.9732332,
    "z": 1.04323614
  },
  "LeftSaberZOffset": 17.0,
  "LeftSaberHasReference": true,
  "LeftSaberReference": {
    "x": 0.07075014,
    "y": -0.2125814,
    "z": 0.7145756,
    "w": -0.6627107
  },
  "RightSaberPivotPosition": {
    "x": 3.030639,
    "y": 3.041842,
    "z": -15.70039
  },
  "RightSaberRotationEuler": {
    "x": 12.5355406,
    "y": -13.9732056,
    "z": -1.04324341
  },
  "RightSaberZOffset": 17.0,
  "RightSaberHasReference": true,
  "RightSaberReference": {
    "x": 0.07075013,
    "y": 0.2125814,
    "z": -0.7145755,
    "w": -0.6627107
  }
}