{
  "Version": "2.0",
  "UnixTimestamp": 1652195010,
  "ControllerType": "Valve Index",
  "LeftSaberPivotPosition": {
    "x": -2.91924214,
    "y": 1.34336674,
    "z": -15.25508
  },
  "LeftSaberRotationEuler": {
    "x": 11.11092,
    "y": 26.9055824,
    "z": 2.46102929
  },
  "LeftSaberZOffset": 17.0,
  "LeftSaberHasReference": true,
  "LeftSaberReference": {
    "x": -0.0270463284,
    "y": 0.204624683,
    "z": -0.7273535,
    "w": 0.6544877
  },
  "RightSaberPivotPosition": {
    "x": 2.91924214,
    "y": 1.34336674,
    "z": -15.25508
  },
  "RightSaberRotationEuler": {
    "x": 11.11092,
    "y": -26.9055786,
    "z": -2.461029
  },
  "RightSaberZOffset": 17.0,
  "RightSaberHasReference": true,
  "RightSaberReference": {
    "x": -0.0270463284,
    "y": -0.204624683,
    "z": 0.7273535,
    "w": 0.6544877
  }
}