{
  "Version": "2.0",
  "UnixTimestamp": 1650964893,
  "ControllerType": "Valve Index",
  "LeftSaberPivotPosition": {
    "x": -1.421186,
    "y": -0.0550843775,
    "z": -10.19888
  },
  "LeftSaberRotationEuler": {
    "x": 21.7000027,
    "y": 18.0,
    "z": 4.59446539E-07
  },
  "LeftSaberZOffset": 11.0,
  "LeftSaberHasReference": true,
  "LeftSaberReference": {
    "x": 0.07075014,
    "y": -0.2125814,
    "z": 0.7145755,
    "w": -0.6627107
  },
  "RightSaberPivotPosition": {
    "x": 1.421186,
    "y": -0.0550843775,
    "z": -10.19888
  },
  "RightSaberRotationEuler": {
    "x": 21.7000027,
    "y": -18.0,
    "z": -4.59446539E-07
  },
  "RightSaberZOffset": 11.0,
  "RightSaberHasReference": true,
  "RightSaberReference": {
    "x": 0.07075014,
    "y": 0.2125814,
    "z": -0.7145756,
    "w": -0.6627107
  }
}