{
  "Version": "2.0",
  "UnixTimestamp": 1680465664,
  "ControllerType": "Valve Index",
  "LeftSaberPivotPosition": {
    "x": -3.179327,
    "y": 0.8240104,
    "z": -14.4604645
  },
  "LeftSaberRotationEuler": {
    "x": 14.6332006,
    "y": 20.2040634,
    "z": 0.128232092
  },
  "LeftSaberZOffset": 16.72404,
  "LeftSaberHasReference": true,
  "LeftSaberReference": {
    "x": -0.0169154815,
    "y": 0.227915525,
    "z": -0.705117941,
    "w": 0.6712504
  },
  "RightSaberPivotPosition": {
    "x": 3.211004,
    "y": 1.99130762,
    "z": -14.9604044
  },
  "RightSaberRotationEuler": {
    "x": 17.3798656,
    "y": -20.2190552,
    "z": -0.132354736
  },
  "RightSaberZOffset": 16.72404,
  "RightSaberHasReference": true,
  "RightSaberReference": {
    "x": -0.01691548,
    "y": -0.227915511,
    "z": 0.7051179,
    "w": 0.6712504
  }
}